USE ECommerce;
SET DATEFORMAT dmy;
GO

INSERT INTO [PRODUCT] ([name], [description], [price]) VALUES(N'Advanced Night Repair Synchronized Recovery Complex II', N'FIGHTS ALL KEY SIGNS OF AGEING. AUSTRALIA''S #1 REPAIR SERUM.', 100.00);
INSERT INTO [PRODUCT] ([name], [description], [price]) VALUES(N'Advanced Night Repair Eye Supercharged Complex Synchronized Recovery', N'REPAIRS. BRIGHTENS DARK CIRCLES. HYDRATES. PREVENTS.', $105.00);
INSERT INTO [PRODUCT] ([name], [description], [price]) VALUES(N'Advanced Night Repair Intensive Recovery Ampoules', N'PRECISION DOSE HELPS RENEW VISIBLY STRESSED SKIN.', 168.00);
INSERT INTO [PRODUCT] ([name], [description], [price]) VALUES(N'Perfectionist Pro Instant Wrinkle Filler with Tri-Polymer Blend', N'IMMEDIATELY HELPS FILL FACIAL LINES AND WRINKLES.', $85.00);
INSERT INTO [PRODUCT] ([name], [description], [price]) VALUES(N'Advanced Night Repair Recovery Mask-In-Oil', N'HELPS ¡°LOCK IN¡± THE POWER OF ADVANCED NIGHT REPAIR SERUM', 125.00);
INSERT INTO [PRODUCT] ([name], [description], [price]) VALUES(N'Advanced Night Repair Recovery Mask-In-Oil', N'HELPS ¡°LOCK IN¡± THE POWER OF ADVANCED NIGHT REPAIR SERUM', 125.00);
INSERT INTO [PRODUCT] ([name], [description], [price]) VALUES(N'Perfectionist [CP+R] Wrinkle Lifting/Firming Serum', N'SIGNIFICANTLY REDUCES THE LOOK OF LINES, WRINKLES.', 110.00);
INSERT INTO [PRODUCT] ([name], [description], [price]) VALUES(N'Perfectionist Pro Rapid Firm + Lift Treatment with Acetyl Hexapeptide-8', N'SEE A MORE LIFTED AND YOUTHFUL LOOK.', 115.00);
INSERT INTO [PRODUCT] ([name], [description], [price]) VALUES(N'Advanced Night Repair Concentrated Recovery Eye Mask', N'REJUVENATES THE LOOK AND FEEL OF YOUR EYES.', 60.00);
INSERT INTO [PRODUCT] ([name], [description], [price]) VALUES(N'Advanced Night Repair Concentrated Recovery PowerFoil Mask', N'INNOVATIVE MASK WITH EXCLUSIVE REPAIR TECHNOLOGY.', 120.00);

INSERT INTO [PRODUCT] ([name], [description], [price]) VALUES(N'Revitalizing Supreme+ Global Anti-Aging Cell Power Creme SPF 15', N'MULTI-ACTION SPF 15 CREME, THE KEY TO YOUNGER-LOOKING SKIN.', 125.00);
INSERT INTO [PRODUCT] ([name], [description], [price]) VALUES(N'Revitalizing Supreme Light+ Global Anti-Aging Cell Power Creme Oil-Free', N'LIGHTWEIGHT, FAST-FIRMING, MULTI-ACTION CREME. OIL-FREE.', 125.00);
INSERT INTO [PRODUCT] ([name], [description], [price]) VALUES(N'Revitalizing Supreme + Global Anti-Aging Wake Up Balm', N'INSTANT RADIANCE. ANTI-AGEING. BRIGHTENING.', 98.00);
INSERT INTO [PRODUCT] ([name], [description], [price]) VALUES(N'Revitalizing Supreme+ Nourishing and Hydrating Dual Phase Treatment Oil', N'SILKY LIGHT, NOURISHING OILS + FIRMING ESSENCE.', 110.00);
INSERT INTO [PRODUCT] ([name], [description], [price]) VALUES(N'DayWear Advanced Multi-Protection Anti-Oxidant Creme SPF 15', N'HELPS PREVENT AND DIMINISH FIRST SIGNS OF AGEING.', 75.00);
INSERT INTO [PRODUCT] ([name], [description], [price]) VALUES(N'NightWear Plus Anti-Oxidant Night Detox Cr¨¨me', N'DETOXIFY, SOOTHE, INTENSELY HYDRATE¡ªWHILE YOU SLEEP.', 80.00);
INSERT INTO [PRODUCT] ([name], [description], [price]) VALUES(N'Resilience Lift Night Lifting/Firming Face and Neck Creme', N'INTENSE NIGHTTIME NOURISHMENT TO LIFT AND FIRM.', 155.00);
INSERT INTO [PRODUCT] ([name], [description], [price]) VALUES(N'Advanced Time Zone Age Reversing Line/Wrinkle Creme SPF 15', N'REDUCES THE LOOK OF WRINKLES.', 110.00);
INSERT INTO [PRODUCT] ([name], [description], [price]) VALUES(N'Advanced Time Zone Night Age Reversing Line/Wrinkle Creme', N'INTENSIVE NIGHTTIME CARE FOR A YOUNGER LOOK, FAST.', 120.00);
INSERT INTO [PRODUCT] ([name], [description], [price]) VALUES(N'Advanced Time Zone Age Reversing Line/Wrinkle Hydrating Gel Oil-Free', N'REDUCES THE LOOK OF WRINKLES. OIL-CONTROL GEL.',  110.00);





INSERT INTO [IMGURL] ([imageURL], [productID]) VALUES (N'img/0101.jpg', 1001);
INSERT INTO [IMGURL] ([imageURL], [productID]) VALUES (N'img/0102.jpg', 1001);
INSERT INTO [IMGURL] ([imageURL], [productID]) VALUES (N'img/0103.jpg', 1001);
INSERT INTO [IMGURL] ([imageURL], [productID]) VALUES (N'img/0104.jpg', 1001);
INSERT INTO [IMGURL] ([imageURL], [productID]) VALUES (N'img/0201.jpg', 1002);
INSERT INTO [IMGURL] ([imageURL], [productID]) VALUES (N'img/0301.jpg', 1003);
INSERT INTO [IMGURL] ([imageURL], [productID]) VALUES (N'img/0302.jpg', 1003);
INSERT INTO [IMGURL] ([imageURL], [productID]) VALUES (N'img/0401.jpg', 1004);
INSERT INTO [IMGURL] ([imageURL], [productID]) VALUES (N'img/0501.jpg', 1005);
INSERT INTO [IMGURL] ([imageURL], [productID]) VALUES (N'img/0601.jpg', 1006);
INSERT INTO [IMGURL] ([imageURL], [productID]) VALUES (N'img/0701.jpg', 1007);
INSERT INTO [IMGURL] ([imageURL], [productID]) VALUES (N'img/0801.jpg', 1008);
INSERT INTO [IMGURL] ([imageURL], [productID]) VALUES (N'img/0802.jpg', 1008);
INSERT INTO [IMGURL] ([imageURL], [productID]) VALUES (N'img/0901.jpg', 1009);
INSERT INTO [IMGURL] ([imageURL], [productID]) VALUES (N'img/0902.jpg', 1009);
INSERT INTO [IMGURL] ([imageURL], [productID]) VALUES (N'img/1001.jpg', 1010);
INSERT INTO [IMGURL] ([imageURL], [productID]) VALUES (N'img/1002.jpg', 1010);

INSERT INTO [IMGURL] ([imageURL], [productID]) VALUES (N'img/1101.jpg', 1011);
INSERT INTO [IMGURL] ([imageURL], [productID]) VALUES (N'img/1201.jpg', 1012);
INSERT INTO [IMGURL] ([imageURL], [productID]) VALUES (N'img/1301.jpg', 1013);
INSERT INTO [IMGURL] ([imageURL], [productID]) VALUES (N'img/1401.jpg', 1014);
INSERT INTO [IMGURL] ([imageURL], [productID]) VALUES (N'img/1501.jpg', 1015);
INSERT INTO [IMGURL] ([imageURL], [productID]) VALUES (N'img/1601.jpg', 1016);
INSERT INTO [IMGURL] ([imageURL], [productID]) VALUES (N'img/1701.jpg', 1017);
INSERT INTO [IMGURL] ([imageURL], [productID]) VALUES (N'img/1801.jpg', 1018);
INSERT INTO [IMGURL] ([imageURL], [productID]) VALUES (N'img/1901.jpg', 1019);
INSERT INTO [IMGURL] ([imageURL], [productID]) VALUES (N'img/2001.jpg', 1020);


INSERT INTO [KEYWORDS] ([keyword]) VALUES (N'Anti Aging');
INSERT INTO [KEYWORDS] ([keyword]) VALUES (N'Anti Wrinkle');
INSERT INTO [KEYWORDS] ([keyword]) VALUES (N'Acne');
INSERT INTO [KEYWORDS] ([keyword]) VALUES (N'Hydration');
INSERT INTO [KEYWORDS] ([keyword]) VALUES (N'Spring');
INSERT INTO [KEYWORDS] ([keyword]) VALUES (N'Summer');
INSERT INTO [KEYWORDS] ([keyword]) VALUES (N'Autumn');
INSERT INTO [KEYWORDS] ([keyword]) VALUES (N'Winter');
INSERT INTO [KEYWORDS] ([keyword]) VALUES (N'Eye Care');
INSERT INTO [KEYWORDS] ([keyword]) VALUES (N'Moisturiser');
INSERT INTO [KEYWORDS] ([keyword]) VALUES (N'Treatment Lotion');
INSERT INTO [KEYWORDS] ([keyword]) VALUES (N'Mask');


INSERT INTO [CATEGORY] ([keyword], [productID]) VALUES (N'Anti Aging', 1001);
INSERT INTO [CATEGORY] ([keyword], [productID]) VALUES (N'Anti Wrinkle', 1001);
INSERT INTO [CATEGORY] ([keyword], [productID]) VALUES (N'Spring', 1001);
INSERT INTO [CATEGORY] ([keyword], [productID]) VALUES (N'Eye Care', 1001);
INSERT INTO [CATEGORY] ([keyword], [productID]) VALUES (N'Anti Aging', 1002);
INSERT INTO [CATEGORY] ([keyword], [productID]) VALUES (N'Summer', 1002);
INSERT INTO [CATEGORY] ([keyword], [productID]) VALUES (N'Eye Care', 1002);
INSERT INTO [CATEGORY] ([keyword], [productID]) VALUES (N'Anti Wrinkle', 1003);
INSERT INTO [CATEGORY] ([keyword], [productID]) VALUES (N'Autumn', 1003);
INSERT INTO [CATEGORY] ([keyword], [productID]) VALUES (N'Moisturiser', 1003);
INSERT INTO [CATEGORY] ([keyword], [productID]) VALUES (N'Acne', 1004);
INSERT INTO [CATEGORY] ([keyword], [productID]) VALUES (N'Winter', 1004);
INSERT INTO [CATEGORY] ([keyword], [productID]) VALUES (N'Hydration', 1005);
INSERT INTO [CATEGORY] ([keyword], [productID]) VALUES (N'Treatment Lotion', 1005);
INSERT INTO [CATEGORY] ([keyword], [productID]) VALUES (N'Spring', 1006);
INSERT INTO [CATEGORY] ([keyword], [productID]) VALUES (N'Hydration', 1007);
INSERT INTO [CATEGORY] ([keyword], [productID]) VALUES (N'Winter', 1007);
INSERT INTO [CATEGORY] ([keyword], [productID]) VALUES (N'Acne', 1008);
INSERT INTO [CATEGORY] ([keyword], [productID]) VALUES (N'Spring', 1008);
INSERT INTO [CATEGORY] ([keyword], [productID]) VALUES (N'Eye Care', 1008);
INSERT INTO [CATEGORY] ([keyword], [productID]) VALUES (N'Anti Aging', 1009);
INSERT INTO [CATEGORY] ([keyword], [productID]) VALUES (N'Mask', 1009);
INSERT INTO [CATEGORY] ([keyword], [productID]) VALUES (N'Anti Aging', 1010);
INSERT INTO [CATEGORY] ([keyword], [productID]) VALUES (N'Winter', 1010);
INSERT INTO [CATEGORY] ([keyword], [productID]) VALUES (N'Mask', 1010);

INSERT INTO [CATEGORY] ([keyword], [productID]) VALUES (N'Anti Wrinkle', 1011);
INSERT INTO [CATEGORY] ([keyword], [productID]) VALUES (N'Summer', 1011);
INSERT INTO [CATEGORY] ([keyword], [productID]) VALUES (N'Moisturiser', 1011);
INSERT INTO [CATEGORY] ([keyword], [productID]) VALUES (N'Spring', 1012);
INSERT INTO [CATEGORY] ([keyword], [productID]) VALUES (N'Acne', 1013);
INSERT INTO [CATEGORY] ([keyword], [productID]) VALUES (N'Autumn', 1013);
INSERT INTO [CATEGORY] ([keyword], [productID]) VALUES (N'Moisturiser', 1013);
INSERT INTO [CATEGORY] ([keyword], [productID]) VALUES (N'Spring', 1014);
INSERT INTO [CATEGORY] ([keyword], [productID]) VALUES (N'Treatment Lotion', 1014);
INSERT INTO [CATEGORY] ([keyword], [productID]) VALUES (N'Hydration', 1015);
INSERT INTO [CATEGORY] ([keyword], [productID]) VALUES (N'Summer', 1015);
INSERT INTO [CATEGORY] ([keyword], [productID]) VALUES (N'Moisturiser', 1015);
INSERT INTO [CATEGORY] ([keyword], [productID]) VALUES (N'Treatment Lotion', 1016);
INSERT INTO [CATEGORY] ([keyword], [productID]) VALUES (N'Acne', 1017);
INSERT INTO [CATEGORY] ([keyword], [productID]) VALUES (N'Winter', 1017);
INSERT INTO [CATEGORY] ([keyword], [productID]) VALUES (N'Anti Aging', 1018);
INSERT INTO [CATEGORY] ([keyword], [productID]) VALUES (N'Summer', 1018);
INSERT INTO [CATEGORY] ([keyword], [productID]) VALUES (N'Mask', 1018);
INSERT INTO [CATEGORY] ([keyword], [productID]) VALUES (N'Hydration', 1019);
INSERT INTO [CATEGORY] ([keyword], [productID]) VALUES (N'Autumn', 1019);
INSERT INTO [CATEGORY] ([keyword], [productID]) VALUES (N'Eye Care', 1019);
INSERT INTO [CATEGORY] ([keyword], [productID]) VALUES (N'Anti Wrinkle', 1020);
INSERT INTO [CATEGORY] ([keyword], [productID]) VALUES (N'Autumn', 1020);
INSERT INTO [CATEGORY] ([keyword], [productID]) VALUES (N'Treatment Lotion', 1020);


INSERT INTO [ORDER] ([email],[orderTime],[payStatus]) VALUES (N'123@163.com',N'17-12-2018 10:06:08',1);
INSERT INTO [ORDER] ([email],[orderTime],[payStatus]) VALUES (N'234@163.com',N'18-12-2018 11:05:08',1);
INSERT INTO [ORDER] ([email],[orderTime],[payStatus]) VALUES (N'345@163.com',N'19-11-2018 12:06:08',1);
INSERT INTO [ORDER] ([email],[orderTime],[payStatus]) VALUES (N'456@163.com',N'15-11-2018 18:59:59',0);
INSERT INTO [ORDER] ([email],[orderTime],[payStatus]) VALUES (N'567@163.com',N'23-09-2018 22:01:59',1);


INSERT INTO [DELIVERYADDRESS] ([orderID],[firstName],[lastName],[street],[city],[state],[postCode],[phoneNumber]) VALUES (1001,N'Ryan',N'Wang',N'Gaza Street',N'Sydney',N'NSW',N'2114',N'0424123456');
INSERT INTO [DELIVERYADDRESS] ([orderID],[firstName],[lastName],[street],[city],[state],[postCode],[phoneNumber]) VALUES (1002,N'Kevin',N'Li',N'Oxford Street',N'Sydney',N'NSW',N'2005',N'0406123456');
INSERT INTO [DELIVERYADDRESS] ([orderID],[firstName],[lastName],[street],[city],[state],[postCode],[phoneNumber]) VALUES (1003,N'Jacob',N'Tian',N'Kings Street',N'Sydney',N'NSW',N'2001',N'0404012345');
INSERT INTO [DELIVERYADDRESS] ([orderID],[firstName],[lastName],[street],[city],[state],[postCode],[phoneNumber]) VALUES (1004,N'Tom',N'Sun',N'Stirlin Street',N'Melbourne',N'VIC',N'1004',N'0421345567');
INSERT INTO [DELIVERYADDRESS] ([orderID],[firstName],[lastName],[street],[city],[state],[postCode],[phoneNumber]) VALUES (1005,N'Michael',N'Zhao',N'Windsor Street',N'NewCastle',N'NSW',N'2231',N'0405567890');


INSERT INTO [ORDERITEM] ([orderID],[productID],[quantity],[price]) VALUES (1001,1001,1,100.00);
INSERT INTO [ORDERITEM] ([orderID],[productID],[quantity],[price]) VALUES (1001,1002,2,105.00);
INSERT INTO [ORDERITEM] ([orderID],[productID],[quantity],[price]) VALUES (1002,1003,1,168.00);
INSERT INTO [ORDERITEM] ([orderID],[productID],[quantity],[price]) VALUES (1002,1004,2,85.00);
INSERT INTO [ORDERITEM] ([orderID],[productID],[quantity],[price]) VALUES (1002,1005,1,125.00);
INSERT INTO [ORDERITEM] ([orderID],[productID],[quantity],[price]) VALUES (1002,1006,1,125.00);
INSERT INTO [ORDERITEM] ([orderID],[productID],[quantity],[price]) VALUES (1003,1011,1,125.00);
INSERT INTO [ORDERITEM] ([orderID],[productID],[quantity],[price]) VALUES (1003,1012,3,125.00);
INSERT INTO [ORDERITEM] ([orderID],[productID],[quantity],[price]) VALUES (1004,1006,2,125.00);
INSERT INTO [ORDERITEM] ([orderID],[productID],[quantity],[price]) VALUES (1004,1019,1,120.00);
INSERT INTO [ORDERITEM] ([orderID],[productID],[quantity],[price]) VALUES (1004,1020,1,110.00);
INSERT INTO [ORDERITEM] ([orderID],[productID],[quantity],[price]) VALUES (1005,1014,2,100.00);
INSERT INTO [ORDERITEM] ([orderID],[productID],[quantity],[price]) VALUES (1005,1016,3,70.00);
INSERT INTO [ORDERITEM] ([orderID],[productID],[quantity],[price]) VALUES (1005,1018,2,100.00);